-- ────────────────────────────────────────────────────────────
-- INITIAL DATA INSERTS
-- ────────────────────────────────────────────────────────────
USE szdev;
SET NAMES utf8mb4;
-- Local Database Data Dump
-- MySQL dump 10.13  Distrib 8.0.45, for Linux (x86_64)
--
-- Host: localhost    Database: szdev
-- ------------------------------------------------------
-- Server version	8.0.45

/*!40101 SET @OLD_CHARACTER_SET_CLIENT=@@CHARACTER_SET_CLIENT */;
/*!40101 SET @OLD_CHARACTER_SET_RESULTS=@@CHARACTER_SET_RESULTS */;
/*!40101 SET @OLD_COLLATION_CONNECTION=@@COLLATION_CONNECTION */;
/*!50503 SET NAMES utf8mb4 */;
/*!40103 SET @OLD_TIME_ZONE=@@TIME_ZONE */;
/*!40103 SET TIME_ZONE='+00:00' */;
/*!40014 SET @OLD_UNIQUE_CHECKS=@@UNIQUE_CHECKS, UNIQUE_CHECKS=0 */;
/*!40014 SET @OLD_FOREIGN_KEY_CHECKS=@@FOREIGN_KEY_CHECKS, FOREIGN_KEY_CHECKS=0 */;
/*!40101 SET @OLD_SQL_MODE=@@SQL_MODE, SQL_MODE='NO_AUTO_VALUE_ON_ZERO' */;
/*!40111 SET @OLD_SQL_NOTES=@@SQL_NOTES, SQL_NOTES=0 */;

--
-- Dumping data for table `T_MENU`
--

LOCK TABLES `T_MENU` WRITE;
/*!40000 ALTER TABLE `T_MENU` DISABLE KEYS */;
INSERT IGNORE INTO `T_MENU` (`menu_no`, `menu_name`, `parent_no`, `url`, `sort_order`, `board_sort`, `created_at`, `description`, `use_yn`, `del_yn`, `is_board`, `is_public`, `board_code`, `created_by`) VALUES 
('RUU1XIV0XDX','대시보드',NULL,'/dashboard',1,0,'2026-04-06 00:13:30',NULL,'Y','N','N','Y',NULL,'RUU1XIV0XDS'),
('RUU1XIV0XDY','시스템 설정',NULL,'/system',5,0,'2026-04-06 00:10:24',NULL,'N','N','N','Y',NULL,'RUU1XIV0XDS'),
('RUU1XIV0XE0','메뉴 관리','RUU1XIV0XDY','/system/menu',6,0,'2026-04-06 00:10:24',NULL,'N','N','N','Y',NULL,'RUU1XIV0XDS'),
('RUU1XIV0XE1','역할 권한','RUU1XIV0XDY','/system/role',7,0,'2026-04-06 00:10:24',NULL,'N','N','N','Y',NULL,'RUU1XIV0XDS'),
('RUU1XIV0XE2','사용자 관리','RUU1XIV0XDY','/user/user-admin',8,0,'2026-04-06 00:10:24',NULL,'Y','N','N','Y',NULL,'RUU1XIV0XDS'),
('RUU1XL2XOG0','게시판 테스트',NULL,'/boards/B_HCB7EI',9,2,'2026-04-08 08:57:33',NULL,'Y','N','Y','Y','B_HCB7EI','RUU1XIV0XDS'),
('RUU1XL2XOG6','나의 게시판',NULL,'/boards/B_D7UHOK',10,1,'2026-04-09 00:42:38',NULL,'Y','N','Y','N','B_D7UHOK','RUU1XIV0XDS'),
('RUUW006Y134','이슈리스트',NULL,'/boards/B_HANG0E',11,3,'2026-04-10 00:09:56',NULL,'Y','N','Y','Y','B_HANG0E','RUU1XIV0XDS');
/*!40000 ALTER TABLE `T_MENU` ENABLE KEYS */;
UNLOCK TABLES;

--
-- Dumping data for table `T_ROLE`
--

LOCK TABLES `T_ROLE` WRITE;
/*!40000 ALTER TABLE `T_ROLE` DISABLE KEYS */;
INSERT IGNORE INTO `T_ROLE` (`role_no`, `role_name`, `created_at`) VALUES ('RUU1XIV0XDU','ROLE_ADMIN','2026-04-08 08:51:36'),('RUU1XIV0XDV','ROLE_USER','2026-04-08 08:51:36');
/*!40000 ALTER TABLE `T_ROLE` ENABLE KEYS */;
UNLOCK TABLES;

--
-- Dumping data for table `T_ROLE_MENU`
--

LOCK TABLES `T_ROLE_MENU` WRITE;
/*!40000 ALTER TABLE `T_ROLE_MENU` DISABLE KEYS */;
INSERT IGNORE INTO `T_ROLE_MENU` (`role_no`, `menu_no`, `can_read`, `can_write`, `can_delete`) VALUES ('RUU1XIV0XDU','RUU1XIV0XDW',1,1,1),('RUU1XIV0XDU','RUU1XIV0XDX',1,1,1),('RUU1XIV0XDU','RUU1XIV0XDY',1,1,1),('RUU1XIV0XDU','RUU1XIV0XDZ',1,1,1),('RUU1XIV0XDU','RUU1XIV0XE0',1,1,1),('RUU1XIV0XDU','RUU1XIV0XE1',1,1,1),('RUU1XIV0XDU','RUU1XIV0XE2',1,1,1),('RUU1XIV0XDU','RUU1XL2XOG0',1,1,1),('RUU1XIV0XDU','RUU1XL2XOG6',1,0,0),('RUU1XIV0XDU','RUUW006Y134',1,1,1),('RUU1XIV0XDV','RUU1XIV0XDW',1,0,0),('RUU1XIV0XDV','RUU1XIV0XDX',1,0,0),('RUU1XIV0XDV','RUU1XIV0XDZ',1,0,0),('RUU1XIV0XDV','RUU1XIV0XE2',1,0,0),('RUU1XIV0XDV','RUU1XL2XOG0',1,0,0),('RUU1XIV0XDV','RUU1XL2XOG6',1,1,1),('RUU1XIV0XDV','RUUW006Y134',1,0,0);
/*!40000 ALTER TABLE `T_ROLE_MENU` ENABLE KEYS */;
UNLOCK TABLES;

--
-- Dumping data for table `T_USER`
--

LOCK TABLES `T_USER` WRITE;
/*!40000 ALTER TABLE `T_USER` DISABLE KEYS */;
INSERT IGNORE INTO `T_USER` (`user_no`, `user_id`, `password`, `user_name`, `created_at`) VALUES ('RUU1XIV0XSY','sysadmin','b3a8e0e1f9ab1bfe3a36f231f676f78bb30a519d2b21e6c530c0eee15cce9b1a','시스템관리자','2026-04-14 00:00:00');
/*!40000 ALTER TABLE `T_USER` ENABLE KEYS */;
UNLOCK TABLES;

--
-- Dumping data for table `T_USER_ROLE`
--

LOCK TABLES `T_USER_ROLE` WRITE;
/*!40000 ALTER TABLE `T_USER_ROLE` DISABLE KEYS */;
INSERT IGNORE INTO `T_USER_ROLE` (`user_id`, `role_no`) VALUES ('sysadmin','RUU1XIV0XDU');
/*!40000 ALTER TABLE `T_USER_ROLE` ENABLE KEYS */;
UNLOCK TABLES;
/*!40103 SET TIME_ZONE=@OLD_TIME_ZONE */;

/*!40101 SET SQL_MODE=@OLD_SQL_MODE */;
/*!40014 SET FOREIGN_KEY_CHECKS=@OLD_FOREIGN_KEY_CHECKS */;
/*!40014 SET UNIQUE_CHECKS=@OLD_UNIQUE_CHECKS */;
/*!40101 SET CHARACTER_SET_CLIENT=@OLD_CHARACTER_SET_CLIENT */;
/*!40101 SET CHARACTER_SET_RESULTS=@OLD_CHARACTER_SET_RESULTS */;
/*!40101 SET COLLATION_CONNECTION=@OLD_COLLATION_CONNECTION */;
/*!40111 SET SQL_NOTES=@OLD_SQL_NOTES */;

-- Dump completed on 2026-04-10 13:32:11
